,project_id,uid,date,income
0,1246,1458049517,2022-12-25T00:00:00.000Z,0.03
1,1246,1703905621,2022-10-30T00:00:00.000Z,0.03
2,1246,1714073899,2022-11-27T00:00:00.000Z,0.03
3,2151,1458049517,2022-12-19T00:00:00.000Z,0.02
4,2338,1458049517,2022-12-25T00:00:00.000Z,0.06
5,7050,1703905621,2022-12-04T00:00:00.000Z,0.08
6,7053,1714073899,2022-12-08T00:00:00.000Z,0.035
7,7738,1458049517,2022-12-28T00:00:00.000Z,0.0
8,9950,1648608319,2022-12-02T00:00:00.000Z,0.0
9,10013,1458049517,2022-12-29T00:00:00.000Z,0.0
10,10013,1648608319,2022-11-27T00:00:00.000Z,0.0
11,11853,1648608319,2022-11-26T00:00:00.000Z,0.0
12,12817,1458049517,2022-12-30T00:00:00.000Z,0.06
13,12817,1714073899,2022-11-26T00:00:00.000Z,0.06
14,13640,1706440161,2022-11-14T00:00:00.000Z,0.0
15,15546,1648608319,2022-12-03T00:00:00.000Z,0.0
16,20362,1714073899,2022-11-26T00:00:00.000Z,0.0
17,21465,1648608319,2022-11-27T00:00:00.000Z,0.0
18,22644,1703905621,2022-11-09T00:00:00.000Z,0.0
19,25975,1703905621,2022-11-16T00:00:00.000Z,0.0
20,25975,1714073899,2022-11-23T00:00:00.000Z,0.0
21,25980,1703905621,2022-11-16T00:00:00.000Z,0.0
22,25980,1714073899,2022-11-24T00:00:00.000Z,0.78
23,25982,1648608319,2022-12-06T00:00:00.000Z,0.0
24,25982,1703905621,2022-11-20T00:00:00.000Z,0.005
25,25982,1706440161,2022-11-25T00:00:00.000Z,0.0
26,25982,1714073899,2022-11-23T00:00:00.000Z,0.463
27,25985,1703905621,2022-11-10T00:00:00.000Z,0.0
28,25985,1714073899,2022-11-23T00:00:00.000Z,0.0
29,26758,1703905621,2022-11-28T00:00:00.000Z,0.0
30,26758,1714073899,2022-11-28T00:00:00.000Z,0.305
31,26781,1703905621,2022-11-21T00:00:00.000Z,0.03
32,26781,1714073899,2022-11-23T00:00:00.000Z,0.0
33,27046,1430094402,2022-10-20T00:00:00.000Z,0.02
34,29642,1430094402,2022-10-26T00:00:00.000Z,0.19
35,29642,1648608319,2022-11-16T00:00:00.000Z,0.08
36,29642,1703905621,2022-11-14T00:00:00.000Z,0.03
37,29642,1714073899,2022-12-02T00:00:00.000Z,0.02
38,30742,1714073899,2022-12-08T00:00:00.000Z,0.0
39,31132,1458049517,2022-12-29T00:00:00.000Z,0.42
40,32746,1430094402,2022-10-18T00:00:00.000Z,0.08
41,33528,1648608319,2022-12-03T00:00:00.000Z,0.0
42,35893,1430094402,2022-10-16T00:00:00.000Z,0.0
43,37784,1430094402,2022-10-26T00:00:00.000Z,0.05
44,38481,1648608319,2022-12-04T00:00:00.000Z,0.01
45,39131,1458049517,2022-12-24T00:00:00.000Z,0.333
46,39131,1706440161,2022-11-26T00:00:00.000Z,0.0
47,39131,1714073899,2022-11-23T00:00:00.000Z,0.01
48,41373,1703905621,2022-11-23T00:00:00.000Z,0.0
49,41373,1714073899,2022-11-24T00:00:00.000Z,0.0
50,41524,1458049517,2022-12-13T00:00:00.000Z,0.0
51,42157,1458049517,2022-11-30T00:00:00.000Z,0.4
52,42157,1490584733,2022-12-31T00:00:00.000Z,0.05
53,42157,1675921760,2023-01-14T00:00:00.000Z,0.15
54,42157,1703905621,2022-11-16T00:00:00.000Z,0.2
55,42157,1706440161,2022-11-11T00:00:00.000Z,0.15
56,42346,1316040758,2022-12-01T00:00:00.000Z,0.06
57,42346,1430094402,2022-10-30T00:00:00.000Z,0.06
58,42346,1490584733,2022-12-28T00:00:00.000Z,0.05
59,42346,1674749132,2022-11-30T00:00:00.000Z,0.02
60,42346,1675921760,2022-11-25T00:00:00.000Z,0.0
61,42346,1714073899,2022-12-08T00:00:00.000Z,0.02
62,42606,1458049517,2022-12-30T00:00:00.000Z,0.005
63,43163,1458049517,2022-11-28T00:00:00.000Z,0.21
64,43163,1714073899,2022-11-20T00:00:00.000Z,0.17
65,43297,1316040758,2022-11-18T00:00:00.000Z,0.0
66,43297,1714073899,2022-11-26T00:00:00.000Z,0.0
67,43625,1316040758,2022-12-08T00:00:00.000Z,0.0
68,43625,1429235843,2022-12-31T00:00:00.000Z,0.0
69,43625,1430094402,2022-10-15T00:00:00.000Z,0.05
70,43625,1490584733,2022-12-23T00:00:00.000Z,0.0
71,43625,1648608319,2022-12-03T00:00:00.000Z,0.09
72,43625,1674749132,2022-12-12T00:00:00.000Z,0.0
73,43625,1675921760,2022-11-10T00:00:00.000Z,0.0
74,43625,1714073899,2022-12-05T00:00:00.000Z,0.0
75,43625,1725259597,2022-12-08T00:00:00.000Z,0.0
76,43632,1316040758,2022-12-01T00:00:00.000Z,0.0
77,43632,1429235843,2023-01-03T00:00:00.000Z,0.06
78,43632,1490584733,2022-12-31T00:00:00.000Z,0.48
79,43632,1675921760,2023-01-10T00:00:00.000Z,0.18
80,43632,1703905621,2022-12-05T00:00:00.000Z,0.06
81,43632,1706440161,2022-11-26T00:00:00.000Z,0.06
82,44281,1648608319,2022-11-24T00:00:00.000Z,0.025
83,44773,1458049517,2022-12-13T00:00:00.000Z,0.05
84,44824,1706440161,2022-11-27T00:00:00.000Z,0.0
85,44911,1430094402,2022-10-27T00:00:00.000Z,0.0
86,44911,1714073899,2022-11-27T00:00:00.000Z,0.0
87,45741,1675921760,2022-10-28T00:00:00.000Z,0.08
88,45741,1684019585,2022-12-06T00:00:00.000Z,0.0
89,45741,1706440161,2022-11-16T00:00:00.000Z,0.06
90,45741,1714073899,2022-11-16T00:00:00.000Z,0.0
91,45741,1725259597,2022-12-10T00:00:00.000Z,0.0
92,45742,1490584733,2022-12-23T00:00:00.000Z,0.7
93,46336,1714073899,2022-12-07T00:00:00.000Z,0.04
94,46352,1714073899,2022-11-30T00:00:00.000Z,0.04
95,46418,1648608319,2022-11-05T00:00:00.000Z,0.06
96,46430,1458049517,2022-11-29T00:00:00.000Z,0.04
97,46454,1430094402,2022-10-24T00:00:00.000Z,0.04
98,46454,1458049517,2022-12-20T00:00:00.000Z,0.04
99,47119,1316040758,2022-12-08T00:00:00.000Z,0.064
100,47119,1429235843,2023-01-01T00:00:00.000Z,0.0
101,47119,1458049517,2022-12-01T00:00:00.000Z,0.0
102,47119,1490584733,2022-12-28T00:00:00.000Z,0.064
103,47119,1648608319,2022-12-02T00:00:00.000Z,0.0
104,47119,1675921760,2023-01-19T00:00:00.000Z,0.384
105,47119,1706440161,2022-12-02T00:00:00.000Z,0.0
106,47119,1714073899,2022-12-08T00:00:00.000Z,0.064
107,47631,1706440161,2022-11-16T00:00:00.000Z,0.2
108,49171,1490584733,2022-12-15T00:00:00.000Z,1.77
109,49171,1675921760,2022-10-21T00:00:00.000Z,0.67
110,49171,1706440161,2022-11-16T00:00:00.000Z,0.0
111,49171,1714073899,2022-11-16T00:00:00.000Z,0.6
112,49390,1490584733,2022-12-29T00:00:00.000Z,0.12
113,49390,1675921760,2023-01-03T00:00:00.000Z,0.04
114,49390,1703905621,2022-11-08T00:00:00.000Z,0.12
115,49820,1648608319,2022-12-03T00:00:00.000Z,0.0
116,49820,1706440161,2022-11-30T00:00:00.000Z,0.0
117,49820,1714073899,2022-11-23T00:00:00.000Z,0.0
118,50189,1490584733,2022-11-07T00:00:00.000Z,0.03
119,50601,1703905621,2022-10-24T00:00:00.000Z,0.0
120,50751,1674749132,2022-11-19T00:00:00.000Z,0.0
121,50751,1699065816,2022-10-11T00:00:00.000Z,0.0
122,50751,1703905621,2022-10-23T00:00:00.000Z,0.0
123,50751,1706440161,2022-10-30T00:00:00.000Z,0.0
124,50751,1709755371,2022-11-16T00:00:00.000Z,0.0
125,50751,1710096477,2022-11-08T00:00:00.000Z,0.0
126,50751,1713698815,2022-11-14T00:00:00.000Z,0.0
127,50751,1714073899,2022-11-15T00:00:00.000Z,0.0
128,50751,1716528528,2022-11-21T00:00:00.000Z,0.0
129,50751,1718146027,2022-11-24T00:00:00.000Z,0.0
130,50751,1718416044,2022-11-25T00:00:00.000Z,0.0
131,50751,1725201772,2022-12-09T00:00:00.000Z,0.0
132,50751,1725259597,2022-12-08T00:00:00.000Z,0.0
133,50752,1458049517,2022-12-19T00:00:00.000Z,0.0
134,50752,1703905621,2022-10-24T00:00:00.000Z,0.0
135,51066,1490584733,2022-12-24T00:00:00.000Z,0.005
136,51067,1490584733,2022-11-08T00:00:00.000Z,0.083
137,51403,1703905621,2022-10-24T00:00:00.000Z,0.0
138,51403,1714073899,2022-11-22T00:00:00.000Z,0.0
139,51405,1675921760,2022-10-04T00:00:00.000Z,0.0
140,52373,1648608319,2022-12-02T00:00:00.000Z,0.0
141,52373,1714073899,2022-11-26T00:00:00.000Z,0.05
142,52662,1430094402,2022-10-11T00:00:00.000Z,0.04
143,54170,1706440161,2022-11-03T00:00:00.000Z,0.0
144,54170,1714073899,2022-11-27T00:00:00.000Z,0.0
145,54316,1648608319,2022-12-02T00:00:00.000Z,0.0
146,54555,1490584733,2022-12-15T00:00:00.000Z,1.4
147,54555,1714073899,2022-11-16T00:00:00.000Z,0.35
148,55041,1703905621,2022-11-17T00:00:00.000Z,0.06
149,57293,1430094402,2022-10-19T00:00:00.000Z,0.01
150,57293,1490584733,2022-12-04T00:00:00.000Z,0.12
151,57293,1675921760,2022-10-22T00:00:00.000Z,0.12
152,57293,1703905621,2022-12-03T00:00:00.000Z,0.01
153,58021,1430094402,2022-10-27T00:00:00.000Z,0.1
154,58021,1675921760,2022-11-29T00:00:00.000Z,0.3
155,58021,1706440161,2022-11-17T00:00:00.000Z,0.3
156,58021,1714073899,2022-11-27T00:00:00.000Z,0.0
157,58130,1714073899,2022-11-23T00:00:00.000Z,0.04
158,58184,1490584733,2022-12-20T00:00:00.000Z,0.0
159,58807,1648608319,2022-12-03T00:00:00.000Z,0.02
160,58854,1648608319,2022-11-28T00:00:00.000Z,0.0
161,59047,1316040758,2022-12-01T00:00:00.000Z,0.02
162,59047,1429235843,2023-01-03T00:00:00.000Z,0.02
163,59047,1430094402,2022-10-26T00:00:00.000Z,0.02
164,59047,1458049517,2022-12-29T00:00:00.000Z,0.015
165,59047,1648608319,2022-11-26T00:00:00.000Z,0.01
166,59047,1674749132,2022-12-13T00:00:00.000Z,0.01
167,59047,1675921760,2022-11-21T00:00:00.000Z,0.01
168,59047,1706440161,2022-11-29T00:00:00.000Z,0.04
169,59047,1714073899,2022-11-30T00:00:00.000Z,0.02
170,59047,1725201772,2022-12-09T00:00:00.000Z,0.01
171,59216,1706440161,2022-11-01T00:00:00.000Z,0.0
172,59216,1710096477,2022-11-24T00:00:00.000Z,0.0
173,59216,1718416044,2022-11-25T00:00:00.000Z,0.0
174,59396,1648608319,2022-11-23T00:00:00.000Z,0.0
175,59440,1714073899,2022-11-27T00:00:00.000Z,0.05
176,60028,1706440161,2022-12-01T00:00:00.000Z,0.0
177,62390,1429235843,2022-11-23T00:00:00.000Z,0.04
178,62390,1458049517,2022-12-20T00:00:00.000Z,0.08
179,62390,1674749132,2022-12-02T00:00:00.000Z,0.08
180,62390,1714073899,2022-11-22T00:00:00.000Z,0.04
181,62432,1714073899,2022-11-29T00:00:00.000Z,0.0
182,62518,1699065816,2022-10-11T00:00:00.000Z,0.0
183,62518,1703905621,2022-10-24T00:00:00.000Z,0.0
184,62518,1725201772,2022-12-08T00:00:00.000Z,0.0
185,63777,1430094402,2022-10-19T00:00:00.000Z,0.02
186,63777,1490584733,2022-12-12T00:00:00.000Z,0.02
187,63777,1648608319,2022-12-08T00:00:00.000Z,0.02
188,63777,1675921760,2022-12-07T00:00:00.000Z,0.02
189,63777,1703905621,2022-12-08T00:00:00.000Z,0.02
190,63777,1706440161,2022-11-04T00:00:00.000Z,0.05
191,63777,1714073899,2022-12-08T00:00:00.000Z,0.02
192,63928,1430094402,2022-10-31T00:00:00.000Z,1.65
193,64023,1703905621,2022-11-11T00:00:00.000Z,7.95
194,64273,1714073899,2022-12-08T00:00:00.000Z,0.0
195,64650,1706440161,2022-11-03T00:00:00.000Z,0.24
196,64650,1710096477,2022-11-29T00:00:00.000Z,0.24
197,66337,1706440161,2022-11-01T00:00:00.000Z,0.02
198,66337,1710096477,2022-11-10T00:00:00.000Z,0.02
199,67270,1648608319,2022-11-28T00:00:00.000Z,0.0
200,68140,1648608319,2022-11-21T00:00:00.000Z,0.0
201,68140,1703905621,2022-11-23T00:00:00.000Z,0.045
202,68140,1714073899,2022-11-23T00:00:00.000Z,0.0
203,68840,1714073899,2022-11-27T00:00:00.000Z,0.19
204,69136,1648608319,2022-12-03T00:00:00.000Z,0.0
205,69269,1706440161,2022-11-14T00:00:00.000Z,0.05
206,69269,1718416044,2022-11-26T00:00:00.000Z,0.1
207,70226,1703905621,2022-10-28T00:00:00.000Z,0.02
208,70767,1648608319,2022-12-03T00:00:00.000Z,0.0
209,70767,1714073899,2022-11-19T00:00:00.000Z,0.0
210,70767,1718416044,2022-11-25T00:00:00.000Z,0.0
211,70800,1674749132,2022-12-02T00:00:00.000Z,0.0
212,70800,1675921760,2022-10-09T00:00:00.000Z,0.0
213,70800,1684019585,2022-12-06T00:00:00.000Z,0.0
214,70800,1714073899,2022-11-19T00:00:00.000Z,0.0
215,70800,1718416044,2022-11-25T00:00:00.000Z,0.0
216,70803,1706440161,2022-11-08T00:00:00.000Z,0.0
217,70804,1706440161,2022-11-08T00:00:00.000Z,0.3
218,70834,1674749132,2022-12-05T00:00:00.000Z,0.0
219,70834,1684019585,2022-12-06T00:00:00.000Z,0.0
220,70834,1706440161,2022-11-16T00:00:00.000Z,0.0
221,70834,1714073899,2022-11-16T00:00:00.000Z,0.0
222,70834,1718416044,2022-11-26T00:00:00.000Z,0.0
223,70837,1675921760,2023-01-13T00:00:00.000Z,0.0
224,70838,1675921760,2022-11-10T00:00:00.000Z,0.0
225,70838,1706440161,2022-11-04T00:00:00.000Z,0.0
226,70838,1714073899,2022-11-17T00:00:00.000Z,0.0
227,71859,1490584733,2022-12-13T00:00:00.000Z,0.08
228,71859,1684019585,2022-12-08T00:00:00.000Z,0.0
229,71992,1714073899,2022-11-25T00:00:00.000Z,0.0
230,72288,1675921760,2022-11-05T00:00:00.000Z,0.1
231,72312,1430094402,2022-10-18T00:00:00.000Z,0.03
232,72312,1703905621,2022-10-29T00:00:00.000Z,0.0
233,72312,1714073899,2022-11-23T00:00:00.000Z,0.0
234,72322,1316040758,2022-11-01T00:00:00.000Z,0.0
235,72322,1429235843,2022-11-23T00:00:00.000Z,0.02
236,72322,1490584733,2022-12-30T00:00:00.000Z,0.0
237,72322,1675921760,2022-10-28T00:00:00.000Z,0.0
238,72322,1684019585,2022-12-09T00:00:00.000Z,0.0
239,72322,1703905621,2022-11-20T00:00:00.000Z,0.0
240,72322,1706440161,2022-11-11T00:00:00.000Z,0.0
241,72322,1718146027,2022-11-29T00:00:00.000Z,0.0
242,72496,1675921760,2022-10-11T00:00:00.000Z,0.2
243,72630,1648608319,2022-12-06T00:00:00.000Z,0.06
244,72870,1648608319,2022-10-09T00:00:00.000Z,0.0
245,73838,1703905621,2022-11-10T00:00:00.000Z,0.0
246,73947,1703905621,2022-11-04T00:00:00.000Z,0.02
247,74386,1706440161,2022-11-04T00:00:00.000Z,0.0
248,74386,1718416044,2022-11-26T00:00:00.000Z,0.0
249,74387,1714073899,2022-11-16T00:00:00.000Z,0.0
250,74662,1703905621,2022-11-19T00:00:00.000Z,0.0
251,74663,1703905621,2022-10-26T00:00:00.000Z,0.0
252,74852,1706440161,2022-11-08T00:00:00.000Z,0.0
253,74853,1714073899,2022-11-17T00:00:00.000Z,0.0
254,74854,1703905621,2022-11-04T00:00:00.000Z,0.0
255,74951,1714073899,2022-11-15T00:00:00.000Z,0.05
256,74976,1429235843,2022-11-23T00:00:00.000Z,0.06
257,74976,1490584733,2022-12-15T00:00:00.000Z,0.0
258,74976,1684019585,2022-12-14T00:00:00.000Z,0.0
259,74976,1703905621,2022-11-20T00:00:00.000Z,0.01
260,74976,1706440161,2022-11-16T00:00:00.000Z,0.23
261,74976,1713698815,2022-12-07T00:00:00.000Z,0.0
262,74976,1718146027,2022-11-29T00:00:00.000Z,0.0
263,74998,1430094402,2022-10-26T00:00:00.000Z,0.0
264,74998,1675921760,2022-10-10T00:00:00.000Z,0.0
265,74998,1703905621,2022-11-14T00:00:00.000Z,0.0
266,74999,1675921760,2022-10-24T00:00:00.000Z,0.0
267,74999,1703905621,2022-10-29T00:00:00.000Z,0.0
268,75641,1684019585,2022-12-11T00:00:00.000Z,0.46
269,75641,1706440161,2022-12-01T00:00:00.000Z,0.08
270,75641,1718416044,2022-11-28T00:00:00.000Z,0.04
271,76361,1706440161,2022-11-01T00:00:00.000Z,0.04
272,76361,1710096477,2022-11-29T00:00:00.000Z,0.04
273,77011,1714073899,2022-11-27T00:00:00.000Z,0.0
274,77012,1714073899,2022-11-27T00:00:00.000Z,0.0
275,77196,1648608319,2022-12-08T00:00:00.000Z,0.07
276,77196,1714073899,2022-12-07T00:00:00.000Z,0.01
277,77639,1706440161,2022-11-14T00:00:00.000Z,0.0
278,77809,1429235843,2022-11-29T00:00:00.000Z,0.08
279,77809,1458049517,2022-12-01T00:00:00.000Z,0.0
280,77809,1675921760,2022-11-02T00:00:00.000Z,0.16
281,77809,1703905621,2022-12-01T00:00:00.000Z,0.0
282,77809,1706440161,2022-11-28T00:00:00.000Z,0.08
283,77809,1710096477,2022-11-29T00:00:00.000Z,0.0
284,77809,1714073899,2022-11-29T00:00:00.000Z,0.0
285,77809,1718146027,2022-11-28T00:00:00.000Z,0.0
286,77809,1718416044,2022-11-28T00:00:00.000Z,0.0
287,77816,1458049517,2022-12-25T00:00:00.000Z,0.0
288,77816,1706440161,2022-11-16T00:00:00.000Z,0.0
289,77816,1714073899,2022-11-23T00:00:00.000Z,0.0
290,78414,1490584733,2022-10-13T00:00:00.000Z,0.0
291,78414,1675921760,2023-01-20T00:00:00.000Z,0.69
292,78414,1703905621,2022-10-25T00:00:00.000Z,0.0
293,78414,1706440161,2022-11-26T00:00:00.000Z,0.69
294,78414,1709755371,2022-11-16T00:00:00.000Z,0.0
295,78414,1710096477,2023-01-17T00:00:00.000Z,1.38
296,78414,1713698815,2022-11-14T00:00:00.000Z,0.0
297,78414,1714073899,2022-11-16T00:00:00.000Z,0.0
298,78414,1716528528,2022-11-29T00:00:00.000Z,0.0
299,78414,1718146027,2022-11-28T00:00:00.000Z,0.0
300,78414,1718416044,2022-11-27T00:00:00.000Z,0.0
301,78414,1725259597,2022-12-08T00:00:00.000Z,0.0
302,79091,1430094402,2022-10-15T00:00:00.000Z,0.0
303,79091,1675921760,2022-10-06T00:00:00.000Z,0.0
304,79091,1684019585,2022-12-15T00:00:00.000Z,0.0
305,79091,1699065816,2022-10-12T00:00:00.000Z,0.0
306,79091,1703905621,2022-10-26T00:00:00.000Z,0.0
307,79091,1706440161,2022-11-16T00:00:00.000Z,0.0
308,79091,1713698815,2022-12-08T00:00:00.000Z,0.0
309,79091,1718146027,2022-11-27T00:00:00.000Z,0.0
310,79412,1714073899,2022-11-15T00:00:00.000Z,0.0
311,79460,1316040758,2022-11-04T00:00:00.000Z,0.03
312,79460,1429235843,2022-11-27T00:00:00.000Z,0.12
313,79460,1490584733,2022-10-29T00:00:00.000Z,0.09
314,79460,1674749132,2022-11-09T00:00:00.000Z,0.03
315,79460,1675921760,2022-11-08T00:00:00.000Z,0.09
316,79460,1684019585,2022-12-07T00:00:00.000Z,0.05
317,79460,1706440161,2022-11-06T00:00:00.000Z,0.52
318,79460,1714073899,2022-12-07T00:00:00.000Z,0.01
319,79460,1716528528,2022-12-13T00:00:00.000Z,0.06
320,79460,1718416044,2022-11-27T00:00:00.000Z,0.06
321,80983,1316040758,2022-11-05T00:00:00.000Z,0.03
322,80983,1429235843,2022-11-30T00:00:00.000Z,0.06
323,80983,1490584733,2022-10-22T00:00:00.000Z,0.01
324,80983,1675921760,2022-11-07T00:00:00.000Z,0.025
325,80983,1684019585,2022-12-07T00:00:00.000Z,0.08
326,80983,1706440161,2022-11-06T00:00:00.000Z,0.0
327,80983,1714073899,2022-12-07T00:00:00.000Z,0.03
328,80983,1718416044,2022-11-27T00:00:00.000Z,0.03
329,80999,1316040758,2022-11-04T00:00:00.000Z,0.02
330,80999,1429235843,2022-11-23T00:00:00.000Z,0.0
331,80999,1458049517,2022-12-14T00:00:00.000Z,0.0
332,80999,1490584733,2022-10-11T00:00:00.000Z,0.0
333,80999,1674749132,2022-11-29T00:00:00.000Z,0.0
334,80999,1675921760,2022-11-02T00:00:00.000Z,0.01
335,80999,1684019585,2022-12-13T00:00:00.000Z,0.42
336,80999,1706440161,2022-11-05T00:00:00.000Z,0.06
337,80999,1710096477,2022-11-30T00:00:00.000Z,0.14
338,80999,1713698815,2022-12-04T00:00:00.000Z,0.0
339,80999,1714073899,2022-11-16T00:00:00.000Z,0.0
340,80999,1718146027,2022-11-27T00:00:00.000Z,0.0
341,80999,1718416044,2022-11-25T00:00:00.000Z,0.0
342,81077,1429235843,2022-11-26T00:00:00.000Z,0.05
343,81077,1458049517,2022-11-20T00:00:00.000Z,0.0
344,81077,1490584733,2022-10-16T00:00:00.000Z,0.01
345,81077,1674749132,2022-11-19T00:00:00.000Z,0.0
346,81077,1675921760,2022-11-07T00:00:00.000Z,0.05
347,81077,1684019585,2022-12-13T00:00:00.000Z,0.02
348,81077,1706440161,2022-11-03T00:00:00.000Z,0.01
349,81077,1714073899,2022-11-25T00:00:00.000Z,0.09
350,81077,1718416044,2022-11-29T00:00:00.000Z,0.06
351,81234,1648608319,2022-12-03T00:00:00.000Z,0.01
352,81351,1714073899,2022-11-25T00:00:00.000Z,0.1
353,81714,1429235843,2022-12-08T00:00:00.000Z,0.0
354,81714,1458049517,2022-12-02T00:00:00.000Z,0.0
355,81714,1674749132,2022-12-05T00:00:00.000Z,0.0
356,81714,1684019585,2022-12-15T00:00:00.000Z,0.015
357,81714,1699065816,2022-10-19T00:00:00.000Z,0.0
358,81714,1706440161,2022-11-04T00:00:00.000Z,0.0
359,81714,1713698815,2022-11-16T00:00:00.000Z,0.0
360,81714,1714073899,2022-11-16T00:00:00.000Z,0.0
361,81737,1714073899,2022-12-02T00:00:00.000Z,0.0
362,81800,1429235843,2023-01-04T00:00:00.000Z,0.1
363,81800,1684019585,2022-12-24T00:00:00.000Z,0.0
364,81800,1714073899,2022-12-02T00:00:00.000Z,0.4
365,81940,1714073899,2022-11-25T00:00:00.000Z,0.1
366,81980,1429235843,2022-11-18T00:00:00.000Z,0.53
367,81980,1684019585,2022-12-08T00:00:00.000Z,0.0
368,81980,1703905621,2022-11-02T00:00:00.000Z,0.0
369,81980,1706440161,2022-11-06T00:00:00.000Z,0.43
370,81980,1713698815,2022-12-08T00:00:00.000Z,0.0
371,81980,1714073899,2022-11-16T00:00:00.000Z,0.0
372,81980,1718416044,2022-11-26T00:00:00.000Z,0.0
373,82273,1714073899,2022-11-27T00:00:00.000Z,0.005
374,82559,1703905621,2022-12-08T00:00:00.000Z,0.2
375,83639,1706440161,2022-11-01T00:00:00.000Z,0.035
376,83639,1710096477,2022-12-10T00:00:00.000Z,0.035
377,83739,1316040758,2022-11-18T00:00:00.000Z,0.3
378,83739,1429235843,2022-12-30T00:00:00.000Z,0.178
379,83739,1490584733,2022-12-31T00:00:00.000Z,5.098
380,83739,1675921760,2022-09-30T00:00:00.000Z,0.0
381,83739,1684019585,2022-12-07T00:00:00.000Z,0.178
382,83739,1703905621,2022-11-19T00:00:00.000Z,0.203
383,83739,1706440161,2022-11-01T00:00:00.000Z,0.0
384,83739,1709755371,2022-11-14T00:00:00.000Z,0.0
385,83739,1714073899,2022-11-16T00:00:00.000Z,0.0
386,83739,1716528528,2023-01-12T00:00:00.000Z,0.385
387,83739,1725259597,2022-12-08T00:00:00.000Z,0.468
388,84339,1429235843,2022-12-05T00:00:00.000Z,0.0
389,84339,1674749132,2022-12-04T00:00:00.000Z,0.0
390,84339,1675921760,2022-11-10T00:00:00.000Z,0.0
391,84339,1684019585,2022-12-07T00:00:00.000Z,0.0
392,84339,1699065816,2022-11-03T00:00:00.000Z,0.0
393,84339,1703905621,2022-12-04T00:00:00.000Z,0.0
394,84339,1706440161,2022-11-10T00:00:00.000Z,0.0
395,84339,1710096477,2022-12-21T00:00:00.000Z,0.0
396,84339,1713698815,2022-11-16T00:00:00.000Z,0.0
397,84339,1714073899,2022-11-16T00:00:00.000Z,0.0
398,84339,1718146027,2022-11-25T00:00:00.000Z,0.0
399,84339,1718416044,2022-11-25T00:00:00.000Z,0.0
400,84542,1706440161,2022-11-16T00:00:00.000Z,0.05
401,84542,1710096477,2022-11-24T00:00:00.000Z,0.05
402,84542,1718416044,2022-11-29T00:00:00.000Z,0.05
403,84962,1316040758,2022-11-24T00:00:00.000Z,1.0
404,84962,1648608319,2022-11-24T00:00:00.000Z,1.0
405,84962,1675921760,2022-12-16T00:00:00.000Z,0.2
406,84962,1710096477,2022-12-18T00:00:00.000Z,0.1
407,84962,1714073899,2022-12-03T00:00:00.000Z,0.3
408,85705,1714073899,2022-11-28T00:00:00.000Z,0.08
409,85886,1458049517,2022-12-01T00:00:00.000Z,0.0
410,85886,1675921760,2022-10-18T00:00:00.000Z,0.07
411,85886,1684019585,2022-12-12T00:00:00.000Z,0.0
412,85886,1706440161,2022-11-02T00:00:00.000Z,0.0
413,85886,1710096477,2022-11-29T00:00:00.000Z,0.0
414,85886,1714073899,2022-11-17T00:00:00.000Z,0.0
415,85886,1718416044,2022-11-29T00:00:00.000Z,0.07
416,86616,1316040758,2022-11-17T00:00:00.000Z,0.02
417,86616,1429235843,2022-11-26T00:00:00.000Z,0.0
418,86616,1458049517,2022-11-25T00:00:00.000Z,0.02
419,86616,1490584733,2022-12-18T00:00:00.000Z,0.04
420,86616,1648608319,2022-12-07T00:00:00.000Z,0.04
421,86616,1674749132,2022-12-05T00:00:00.000Z,0.0
422,86616,1675921760,2022-11-27T00:00:00.000Z,0.02
423,86616,1684019585,2022-12-06T00:00:00.000Z,0.02
424,86616,1706440161,2022-11-16T00:00:00.000Z,0.18
425,86616,1710096477,2022-11-29T00:00:00.000Z,0.02
426,86616,1713698815,2022-12-12T00:00:00.000Z,0.0
427,86616,1714073899,2022-12-03T00:00:00.000Z,0.16
428,86740,1429235843,2022-12-30T00:00:00.000Z,0.05
429,86740,1458049517,2022-12-09T00:00:00.000Z,0.15
430,86740,1674749132,2022-12-12T00:00:00.000Z,0.02
431,86740,1675921760,2022-10-17T00:00:00.000Z,0.0
432,86740,1706440161,2022-11-21T00:00:00.000Z,0.02
433,86740,1710096477,2022-11-29T00:00:00.000Z,0.05
434,86740,1714073899,2022-12-07T00:00:00.000Z,0.32
435,86740,1718146027,2022-11-29T00:00:00.000Z,0.3
436,86740,1718416044,2022-11-29T00:00:00.000Z,0.45
437,86873,1648608319,2022-12-06T00:00:00.000Z,0.16
438,86873,1703905621,2022-10-31T00:00:00.000Z,0.06
439,86976,1429235843,2022-11-23T00:00:00.000Z,0.0
440,86976,1675921760,2023-01-12T00:00:00.000Z,0.0
441,87750,1706440161,2022-11-01T00:00:00.000Z,0.03
442,87750,1710096477,2022-11-29T00:00:00.000Z,0.03
443,87882,1648608319,2022-11-24T00:00:00.000Z,0.0
444,88265,1718416044,2022-11-27T00:00:00.000Z,1.8
445,88915,1714073899,2022-11-30T00:00:00.000Z,0.0
446,89206,1458049517,2022-12-02T00:00:00.000Z,0.0
447,89206,1675921760,2022-10-20T00:00:00.000Z,0.1
448,89206,1684019585,2022-12-15T00:00:00.000Z,2.91
449,89206,1703905621,2022-11-25T00:00:00.000Z,0.0
450,89206,1706440161,2022-11-04T00:00:00.000Z,0.41
451,89206,1716528528,2022-12-12T00:00:00.000Z,0.0
452,89207,1458049517,2022-11-19T00:00:00.000Z,0.0
453,89207,1684019585,2022-12-10T00:00:00.000Z,8.37
454,89207,1703905621,2022-11-05T00:00:00.000Z,0.95
455,89207,1706440161,2022-11-05T00:00:00.000Z,0.0
456,89207,1716528528,2022-12-05T00:00:00.000Z,0.0
457,89207,1718146027,2022-11-28T00:00:00.000Z,0.0
458,89207,1718416044,2022-11-26T00:00:00.000Z,0.32
459,89312,1675921760,2022-10-31T00:00:00.000Z,0.0
460,89347,1490584733,2022-11-30T00:00:00.000Z,0.66
461,89347,1703905621,2022-10-26T00:00:00.000Z,0.0
462,89348,1675921760,2022-09-30T00:00:00.000Z,0.0
463,89348,1699065816,2022-10-19T00:00:00.000Z,0.0
464,89349,1316040758,2022-10-26T00:00:00.000Z,0.0
465,89349,1706440161,2022-11-14T00:00:00.000Z,0.0
466,89350,1703905621,2022-11-02T00:00:00.000Z,0.0
467,89409,1429235843,2022-12-22T00:00:00.000Z,0.01
468,89409,1706440161,2022-11-01T00:00:00.000Z,0.01
469,89409,1709755371,2022-11-16T00:00:00.000Z,0.0
470,89409,1714073899,2022-11-28T00:00:00.000Z,0.13
471,89409,1725201772,2022-12-08T00:00:00.000Z,0.0
472,89409,1725259597,2022-12-09T00:00:00.000Z,0.01
473,89798,1675921760,2023-01-12T00:00:00.000Z,0.22
474,89842,1675921760,2022-11-06T00:00:00.000Z,0.1
475,89988,1706440161,2022-11-10T00:00:00.000Z,0.0
476,90043,1430094402,2022-10-29T00:00:00.000Z,0.0
477,90258,1648608319,2022-12-05T00:00:00.000Z,0.05
478,90258,1675921760,2022-12-09T00:00:00.000Z,0.2
479,90258,1703905621,2022-12-01T00:00:00.000Z,0.05
480,90258,1714073899,2022-12-07T00:00:00.000Z,0.1
481,90266,1706440161,2022-11-04T00:00:00.000Z,0.08
482,90266,1710096477,2022-11-10T00:00:00.000Z,0.0
483,90306,1648608319,2022-12-03T00:00:00.000Z,0.0
484,90306,1703905621,2022-11-10T00:00:00.000Z,0.0
485,90306,1714073899,2022-12-08T00:00:00.000Z,0.0
486,90379,1706440161,2022-11-01T00:00:00.000Z,0.02
487,90379,1710096477,2022-11-09T00:00:00.000Z,0.02
488,90591,1703905621,2022-12-08T00:00:00.000Z,0.34
489,90591,1706440161,2022-11-17T00:00:00.000Z,0.05
490,90591,1714073899,2022-11-27T00:00:00.000Z,0.05
491,90593,1648608319,2022-11-28T00:00:00.000Z,0.11
492,90593,1714073899,2022-12-07T00:00:00.000Z,0.11
493,90819,1648608319,2022-12-06T00:00:00.000Z,0.2
494,90885,1648608319,2022-11-10T00:00:00.000Z,0.0
495,90885,1706440161,2022-11-28T00:00:00.000Z,0.04
496,90885,1714073899,2022-11-28T00:00:00.000Z,0.04
497,90887,1648608319,2022-12-08T00:00:00.000Z,0.12
498,90888,1458049517,2022-12-19T00:00:00.000Z,0.0
499,90888,1706440161,2022-11-16T00:00:00.000Z,0.0
500,90888,1714073899,2022-11-26T00:00:00.000Z,0.04
501,90902,1490584733,2022-12-31T00:00:00.000Z,0.6
502,90902,1714073899,2022-12-09T00:00:00.000Z,0.6
503,90903,1490584733,2022-12-31T00:00:00.000Z,0.1
504,90903,1714073899,2022-12-09T00:00:00.000Z,0.0
505,90905,1490584733,2022-11-08T00:00:00.000Z,0.1
506,90905,1714073899,2022-12-09T00:00:00.000Z,0.15
507,90906,1714073899,2022-12-03T00:00:00.000Z,0.0
508,90907,1706440161,2022-11-17T00:00:00.000Z,0.04
509,90907,1714073899,2022-11-22T00:00:00.000Z,0.04
510,90907,1725201772,2022-12-08T00:00:00.000Z,0.04
511,90908,1675921760,2022-11-07T00:00:00.000Z,1.26
512,90908,1703905621,2022-11-10T00:00:00.000Z,0.0
513,91066,1648608319,2022-11-19T00:00:00.000Z,0.02
514,91087,1458049517,2022-12-11T00:00:00.000Z,0.45
515,91087,1706440161,2022-11-17T00:00:00.000Z,0.3
516,91087,1710096477,2022-12-27T00:00:00.000Z,0.45
517,91087,1714073899,2022-12-08T00:00:00.000Z,0.6
518,91088,1706440161,2022-11-17T00:00:00.000Z,0.02
519,91088,1714073899,2022-11-28T00:00:00.000Z,0.32
520,91289,1316040758,2022-12-05T00:00:00.000Z,0.1
521,91289,1490584733,2022-12-29T00:00:00.000Z,0.1
522,91289,1648608319,2022-11-22T00:00:00.000Z,0.1
523,91289,1675921760,2022-12-29T00:00:00.000Z,0.2
524,91289,1714073899,2022-12-07T00:00:00.000Z,0.1
525,91290,1490584733,2022-12-08T00:00:00.000Z,0.04
526,91290,1648608319,2022-12-04T00:00:00.000Z,0.04
527,91290,1675921760,2022-12-06T00:00:00.000Z,0.12
528,91290,1714073899,2022-12-04T00:00:00.000Z,0.267
529,91291,1458049517,2022-12-11T00:00:00.000Z,0.15
530,91291,1674749132,2022-12-12T00:00:00.000Z,0.15
531,91291,1706440161,2022-12-05T00:00:00.000Z,0.15
532,91291,1710096477,2022-12-05T00:00:00.000Z,0.15
533,91291,1714073899,2022-12-08T00:00:00.000Z,0.05
534,91291,1718416044,2022-11-29T00:00:00.000Z,0.1
535,91292,1458049517,2022-12-12T00:00:00.000Z,0.1
536,91292,1675921760,2022-12-09T00:00:00.000Z,0.1
537,91292,1714073899,2022-12-05T00:00:00.000Z,0.1
538,91293,1458049517,2022-12-12T00:00:00.000Z,0.08
539,91293,1490584733,2022-12-08T00:00:00.000Z,0.08
540,91293,1648608319,2022-12-04T00:00:00.000Z,0.08
541,91293,1675921760,2022-12-09T00:00:00.000Z,0.04
542,91293,1714073899,2022-12-05T00:00:00.000Z,0.16
543,91294,1429235843,2022-12-31T00:00:00.000Z,0.3
544,91294,1458049517,2022-12-01T00:00:00.000Z,0.45
545,91294,1706440161,2022-11-17T00:00:00.000Z,0.15
546,91294,1714073899,2022-12-05T00:00:00.000Z,0.15
547,91294,1718146027,2022-11-29T00:00:00.000Z,0.15
548,91295,1316040758,2022-11-19T00:00:00.000Z,0.2
549,91295,1458049517,2022-12-10T00:00:00.000Z,0.1
550,91295,1490584733,2022-12-31T00:00:00.000Z,0.1
551,91295,1675921760,2023-01-06T00:00:00.000Z,0.1
552,91295,1714073899,2022-12-03T00:00:00.000Z,0.1
553,91296,1490584733,2022-12-17T00:00:00.000Z,0.04
554,91296,1648608319,2022-12-02T00:00:00.000Z,0.08
555,91296,1675921760,2023-01-06T00:00:00.000Z,0.04
556,91296,1706440161,2022-11-17T00:00:00.000Z,0.16
557,91296,1710096477,2022-12-18T00:00:00.000Z,0.08
558,91296,1714073899,2022-11-21T00:00:00.000Z,0.12
559,91297,1458049517,2022-12-01T00:00:00.000Z,0.15
560,91297,1648608319,2022-11-29T00:00:00.000Z,0.15
561,91297,1675921760,2022-12-08T00:00:00.000Z,0.15
562,91297,1703905621,2022-12-08T00:00:00.000Z,0.15
563,91297,1714073899,2022-12-08T00:00:00.000Z,0.15
564,91297,1718146027,2022-11-26T00:00:00.000Z,0.05
565,91298,1458049517,2022-12-12T00:00:00.000Z,0.1
566,91298,1490584733,2022-12-25T00:00:00.000Z,0.1
567,91298,1675921760,2022-12-16T00:00:00.000Z,0.2
568,91298,1714073899,2022-12-03T00:00:00.000Z,0.2
569,91299,1458049517,2022-12-09T00:00:00.000Z,0.04
570,91299,1490584733,2022-12-21T00:00:00.000Z,0.04
571,91299,1648608319,2022-12-02T00:00:00.000Z,0.2
572,91299,1675921760,2023-01-06T00:00:00.000Z,0.04
573,91299,1714073899,2022-12-05T00:00:00.000Z,0.16
574,91755,1675921760,2022-10-13T00:00:00.000Z,0.0
575,91756,1675921760,2022-10-09T00:00:00.000Z,0.0
576,91759,1490584733,2022-10-16T00:00:00.000Z,0.17
577,91763,1675921760,2022-10-12T00:00:00.000Z,0.0
578,91764,1675921760,2022-10-13T00:00:00.000Z,0.0
579,92193,1648608319,2022-11-11T00:00:00.000Z,0.0
580,92193,1706440161,2022-11-11T00:00:00.000Z,0.0
581,92859,1458049517,2022-12-03T00:00:00.000Z,0.0
582,92859,1490584733,2022-10-13T00:00:00.000Z,0.85
583,92859,1675921760,2022-10-19T00:00:00.000Z,0.0
584,92859,1684019585,2022-12-13T00:00:00.000Z,0.0
585,92859,1703905621,2022-12-03T00:00:00.000Z,0.0
586,92859,1706440161,2022-11-16T00:00:00.000Z,0.0
587,92859,1713698815,2022-12-09T00:00:00.000Z,0.0
588,92985,1648608319,2022-12-08T00:00:00.000Z,0.02
589,92985,1714073899,2022-12-08T00:00:00.000Z,0.0
590,93159,1706440161,2022-11-29T00:00:00.000Z,0.06
591,93159,1710096477,2022-11-29T00:00:00.000Z,0.06
592,93167,1458049517,2022-12-18T00:00:00.000Z,0.1
593,93167,1706440161,2022-11-05T00:00:00.000Z,0.05
594,93167,1710096477,2022-11-30T00:00:00.000Z,0.05
595,93167,1713698815,2022-11-14T00:00:00.000Z,0.05
596,93167,1714073899,2022-12-08T00:00:00.000Z,0.1
597,93218,1458049517,2022-12-02T00:00:00.000Z,0.2
598,93218,1490584733,2022-12-28T00:00:00.000Z,0.2
599,93218,1675921760,2022-12-28T00:00:00.000Z,0.1
600,93218,1714073899,2022-11-30T00:00:00.000Z,0.1
601,93220,1490584733,2022-12-08T00:00:00.000Z,0.04
602,93220,1675921760,2022-12-16T00:00:00.000Z,0.027
603,93220,1684019585,2022-12-10T00:00:00.000Z,0.04
604,93220,1714073899,2022-12-08T00:00:00.000Z,0.2
605,93627,1430094402,2022-10-27T00:00:00.000Z,0.09
606,93627,1714073899,2022-12-08T00:00:00.000Z,0.0
607,95270,1648608319,2022-12-09T00:00:00.000Z,0.025
608,95456,1648608319,2022-12-03T00:00:00.000Z,0.0
609,95640,1490584733,2022-10-10T00:00:00.000Z,0.1
610,95640,1714073899,2022-11-21T00:00:00.000Z,0.2
611,95819,1703905621,2022-11-18T00:00:00.000Z,0.0
612,95819,1714073899,2022-11-26T00:00:00.000Z,0.0
613,96291,1706440161,2022-11-03T00:00:00.000Z,0.04
614,96291,1710096477,2022-12-09T00:00:00.000Z,0.24
615,96291,1714073899,2022-11-29T00:00:00.000Z,0.08
616,96291,1718416044,2022-11-25T00:00:00.000Z,0.28
617,96416,1648608319,2022-11-20T00:00:00.000Z,0.0
618,97408,1675921760,2022-10-28T00:00:00.000Z,0.0
619,97412,1675921760,2022-10-14T00:00:00.000Z,0.2
620,97412,1699065816,2022-10-17T00:00:00.000Z,0.45
621,97413,1703905621,2022-10-29T00:00:00.000Z,0.2
622,97459,1706440161,2022-10-30T00:00:00.000Z,0.0
623,97649,1648608319,2022-11-14T00:00:00.000Z,0.02
624,97655,1316040758,2022-11-15T00:00:00.000Z,0.0
625,97655,1490584733,2022-11-16T00:00:00.000Z,0.0
626,97655,1648608319,2022-11-14T00:00:00.000Z,0.0
627,97655,1674749132,2022-11-20T00:00:00.000Z,0.0
628,97655,1675921760,2022-11-22T00:00:00.000Z,0.0
629,97655,1699065816,2022-11-03T00:00:00.000Z,0.0
630,97655,1703905621,2022-11-08T00:00:00.000Z,1.399
631,97655,1706440161,2022-11-21T00:00:00.000Z,0.0
632,97655,1714073899,2022-11-16T00:00:00.000Z,0.0
633,97666,1714073899,2022-11-15T00:00:00.000Z,0.12
634,97690,1699065816,2022-11-03T00:00:00.000Z,0.01
635,97690,1703905621,2022-10-26T00:00:00.000Z,0.01
636,97708,1490584733,2022-12-18T00:00:00.000Z,0.26
637,97833,1316040758,2022-11-30T00:00:00.000Z,0.63
638,97833,1490584733,2022-12-14T00:00:00.000Z,0.19
639,97833,1684019585,2022-12-12T00:00:00.000Z,0.03
640,97842,1675921760,2022-12-22T00:00:00.000Z,0.049
641,98530,1706440161,2022-11-08T00:00:00.000Z,0.09
642,98530,1710096477,2022-11-09T00:00:00.000Z,0.04
643,98610,1648608319,2022-11-17T00:00:00.000Z,0.0
644,98610,1703905621,2022-12-02T00:00:00.000Z,0.04
645,98610,1706440161,2022-11-24T00:00:00.000Z,0.0
646,98610,1714073899,2022-12-07T00:00:00.000Z,0.0
647,98696,1316040758,2022-11-21T00:00:00.000Z,0.03
648,98696,1429235843,2022-12-30T00:00:00.000Z,0.0
649,98696,1458049517,2022-12-09T00:00:00.000Z,0.0
650,98696,1674749132,2022-12-10T00:00:00.000Z,0.0
651,98696,1675921760,2022-11-28T00:00:00.000Z,0.0
652,98696,1714073899,2022-11-21T00:00:00.000Z,0.18
653,99085,1316040758,2022-12-05T00:00:00.000Z,0.0
654,99085,1490584733,2022-12-26T00:00:00.000Z,0.0
655,99085,1675921760,2022-12-07T00:00:00.000Z,0.075
656,99085,1714073899,2022-11-21T00:00:00.000Z,0.03
657,99097,1316040758,2022-11-29T00:00:00.000Z,0.005
658,99097,1490584733,2022-12-15T00:00:00.000Z,1.455
659,99097,1714073899,2022-12-01T00:00:00.000Z,0.4
660,99192,1316040758,2022-12-08T00:00:00.000Z,0.045
661,99192,1429235843,2022-12-30T00:00:00.000Z,0.225
662,99192,1458049517,2022-12-29T00:00:00.000Z,0.045
663,99192,1490584733,2022-11-07T00:00:00.000Z,0.0
664,99192,1648608319,2022-11-21T00:00:00.000Z,0.0
665,99192,1675921760,2022-11-23T00:00:00.000Z,0.18
666,99192,1684019585,2023-01-15T00:00:00.000Z,0.0
667,99192,1714073899,2022-11-21T00:00:00.000Z,0.0
668,99373,1429235843,2022-11-28T00:00:00.000Z,0.0
669,99373,1458049517,2022-12-29T00:00:00.000Z,0.02
670,99373,1490584733,2022-11-07T00:00:00.000Z,0.04
671,99373,1675921760,2022-12-10T00:00:00.000Z,0.337
672,99373,1684019585,2022-12-09T00:00:00.000Z,0.0
673,99373,1706440161,2022-11-28T00:00:00.000Z,0.02
674,99373,1714073899,2022-11-17T00:00:00.000Z,0.0
675,99373,1725259597,2022-12-08T00:00:00.000Z,0.0
676,99384,1706440161,2022-11-14T00:00:00.000Z,0.0
677,99388,1714073899,2022-11-25T00:00:00.000Z,0.0
678,99453,1675921760,2022-10-24T00:00:00.000Z,0.0
679,99453,1684019585,2022-10-11T00:00:00.000Z,0.0
680,99453,1703905621,2022-10-26T00:00:00.000Z,0.05
681,99453,1706440161,2022-11-04T00:00:00.000Z,0.0
682,99453,1710096477,2022-11-09T00:00:00.000Z,0.0
683,99453,1714073899,2022-11-16T00:00:00.000Z,0.0
684,99453,1716528528,2022-11-30T00:00:00.000Z,0.0
685,99453,1725259597,2022-12-08T00:00:00.000Z,0.0
686,99461,1490584733,2022-11-04T00:00:00.000Z,0.0
687,99461,1648608319,2022-11-16T00:00:00.000Z,0.0
688,99461,1675921760,2022-11-26T00:00:00.000Z,0.15
689,99461,1703905621,2022-10-27T00:00:00.000Z,0.025
690,99461,1706440161,2022-11-28T00:00:00.000Z,0.0
691,99461,1714073899,2022-11-22T00:00:00.000Z,0.0
692,99461,1716528528,2022-12-10T00:00:00.000Z,0.189
693,99464,1703905621,2022-10-27T00:00:00.000Z,0.07
694,99538,1430094402,2022-10-19T00:00:00.000Z,0.09
695,100136,1648608319,2022-11-09T00:00:00.000Z,0.0
696,100444,1714073899,2022-12-08T00:00:00.000Z,0.01
697,100458,1316040758,2022-11-01T00:00:00.000Z,0.08
698,100458,1706440161,2022-11-16T00:00:00.000Z,0.04
699,100458,1718416044,2022-11-26T00:00:00.000Z,0.0
700,100460,1430094402,2022-10-26T00:00:00.000Z,0.6
701,100460,1458049517,2022-12-02T00:00:00.000Z,0.0
702,100460,1490584733,2022-10-16T00:00:00.000Z,0.14
703,100460,1675921760,2022-10-22T00:00:00.000Z,0.0
704,100460,1684019585,2022-12-15T00:00:00.000Z,0.0
705,100460,1706440161,2022-11-11T00:00:00.000Z,0.0
706,100460,1718146027,2022-11-29T00:00:00.000Z,0.0
707,100463,1490584733,2022-12-15T00:00:00.000Z,0.0
708,100467,1675921760,2022-10-21T00:00:00.000Z,0.66
709,100467,1703905621,2022-11-15T00:00:00.000Z,0.0
710,100700,1703905621,2022-11-01T00:00:00.000Z,0.04
711,100992,1714073899,2022-12-08T00:00:00.000Z,0.0
712,101052,1714073899,2022-11-30T00:00:00.000Z,0.0
713,101216,1429235843,2022-11-26T00:00:00.000Z,0.0
714,101216,1674749132,2022-12-05T00:00:00.000Z,0.0
715,101216,1675921760,2022-11-29T00:00:00.000Z,0.0
716,101216,1684019585,2022-12-06T00:00:00.000Z,0.0
717,101216,1706440161,2022-11-08T00:00:00.000Z,0.0
718,101216,1714073899,2022-11-27T00:00:00.000Z,0.0
719,101216,1716528528,2022-12-12T00:00:00.000Z,0.0
720,101224,1490584733,2022-12-10T00:00:00.000Z,0.0
721,101443,1490584733,2022-12-16T00:00:00.000Z,0.1
722,101444,1706440161,2022-11-10T00:00:00.000Z,0.0
723,101446,1675921760,2022-10-11T00:00:00.000Z,0.0
724,101450,1703905621,2022-11-22T00:00:00.000Z,0.0
725,101453,1675921760,2022-10-24T00:00:00.000Z,0.0
726,101570,1458049517,2022-12-02T00:00:00.000Z,0.0
727,101570,1675921760,2022-10-28T00:00:00.000Z,0.04
728,101570,1684019585,2022-12-10T00:00:00.000Z,1.76
729,101570,1699065816,2022-10-19T00:00:00.000Z,0.0
730,101570,1703905621,2022-11-05T00:00:00.000Z,0.0
731,101570,1706440161,2022-11-10T00:00:00.000Z,0.0
732,101570,1718146027,2022-11-26T00:00:00.000Z,0.0
733,102035,1703905621,2022-11-18T00:00:00.000Z,0.01
734,102106,1490584733,2022-11-08T00:00:00.000Z,0.06
735,102386,1490584733,2022-12-14T00:00:00.000Z,0.1
736,102499,1648608319,2022-12-04T00:00:00.000Z,0.015
737,102966,1429235843,2022-11-18T00:00:00.000Z,0.0
738,102966,1458049517,2022-11-29T00:00:00.000Z,1.6
739,102966,1490584733,2022-10-12T00:00:00.000Z,3.18
740,102966,1674749132,2022-11-19T00:00:00.000Z,0.0
741,102966,1675921760,2023-01-11T00:00:00.000Z,0.0
742,102966,1684019585,2022-12-08T00:00:00.000Z,0.8
743,102966,1703905621,2022-10-31T00:00:00.000Z,2.0
744,102966,1706440161,2022-11-14T00:00:00.000Z,6.4
745,102966,1710096477,2023-01-13T00:00:00.000Z,0.0
746,102966,1713698815,2022-12-08T00:00:00.000Z,0.0
747,102966,1714073899,2022-11-16T00:00:00.000Z,0.2
748,102966,1716528528,2022-11-29T00:00:00.000Z,0.0
749,102966,1718146027,2022-11-26T00:00:00.000Z,0.0
750,102966,1718416044,2022-11-27T00:00:00.000Z,0.07
751,104081,1430094402,2022-10-11T00:00:00.000Z,0.0
752,104596,1706440161,2022-11-24T00:00:00.000Z,0.28
753,104596,1710096477,2022-11-24T00:00:00.000Z,0.28
754,105238,1458049517,2022-12-29T00:00:00.000Z,0.0
755,105271,1714073899,2022-11-24T00:00:00.000Z,0.0
756,105273,1674749132,2022-11-29T00:00:00.000Z,0.0
757,105273,1699065816,2022-10-11T00:00:00.000Z,0.0
758,105273,1706440161,2022-11-04T00:00:00.000Z,0.0
759,105273,1710096477,2022-11-24T00:00:00.000Z,0.0
760,105273,1714073899,2022-11-15T00:00:00.000Z,0.0
761,105273,1716528528,2022-11-21T00:00:00.000Z,0.0
762,105273,1718146027,2022-11-26T00:00:00.000Z,0.0
763,105273,1718416044,2022-11-25T00:00:00.000Z,0.0
764,105540,1490584733,2022-12-08T00:00:00.000Z,0.5
765,105540,1713698815,2022-12-04T00:00:00.000Z,0.5
766,105540,1725201772,2022-12-09T00:00:00.000Z,0.5
767,105762,1648608319,2022-12-03T00:00:00.000Z,0.0
768,105766,1699065816,2022-10-11T00:00:00.000Z,0.0
769,105897,1316040758,2022-11-19T00:00:00.000Z,0.0
770,105897,1714073899,2022-11-18T00:00:00.000Z,2.0
771,106138,1699065816,2022-10-12T00:00:00.000Z,0.0
772,106141,1699065816,2022-10-12T00:00:00.000Z,0.0
773,106142,1490584733,2022-11-15T00:00:00.000Z,0.0
774,106142,1714073899,2022-11-16T00:00:00.000Z,0.0
775,106145,1490584733,2022-11-12T00:00:00.000Z,0.3
776,106175,1458049517,2022-12-02T00:00:00.000Z,0.0
777,106175,1675921760,2022-10-27T00:00:00.000Z,0.0
778,106175,1684019585,2022-12-14T00:00:00.000Z,0.0
779,106175,1706440161,2022-11-05T00:00:00.000Z,0.0
780,106175,1713698815,2022-12-04T00:00:00.000Z,0.0
781,106175,1718146027,2022-11-26T00:00:00.000Z,0.0
782,106178,1490584733,2022-11-10T00:00:00.000Z,0.0
783,106178,1675921760,2022-10-06T00:00:00.000Z,0.0
784,106178,1706440161,2022-11-10T00:00:00.000Z,0.0
785,106178,1718146027,2022-11-29T00:00:00.000Z,0.0
786,106182,1490584733,2022-11-08T00:00:00.000Z,0.0
787,106190,1490584733,2022-11-09T00:00:00.000Z,0.18
788,106342,1675921760,2022-10-31T00:00:00.000Z,0.25
789,106357,1703905621,2022-11-04T00:00:00.000Z,0.0
790,106729,1490584733,2022-12-08T00:00:00.000Z,0.02
791,106729,1684019585,2022-12-08T00:00:00.000Z,0.05
792,106750,1490584733,2022-12-08T00:00:00.000Z,0.0
793,106761,1490584733,2022-12-31T00:00:00.000Z,1.32
794,106761,1684019585,2022-12-14T00:00:00.000Z,0.16
795,106770,1490584733,2022-12-31T00:00:00.000Z,0.0
796,106776,1490584733,2022-12-31T00:00:00.000Z,0.0
797,106776,1684019585,2022-12-13T00:00:00.000Z,0.0
798,106779,1706440161,2022-11-16T00:00:00.000Z,0.0
799,106780,1703905621,2022-11-02T00:00:00.000Z,0.0
800,106788,1675921760,2022-10-28T00:00:00.000Z,1.05
801,106800,1706440161,2022-11-08T00:00:00.000Z,0.0
802,106800,1714073899,2022-11-16T00:00:00.000Z,0.0
803,106875,1648608319,2022-12-02T00:00:00.000Z,0.04
804,106875,1703905621,2022-12-06T00:00:00.000Z,0.02
805,106875,1714073899,2022-12-02T00:00:00.000Z,0.66
806,106924,1703905621,2022-11-05T00:00:00.000Z,0.0
807,107309,1316040758,2022-11-24T00:00:00.000Z,0.4
808,107309,1429235843,2023-01-06T00:00:00.000Z,0.56
809,107309,1458049517,2022-12-09T00:00:00.000Z,0.0
810,107309,1490584733,2022-12-07T00:00:00.000Z,1.6
811,107309,1675921760,2022-12-07T00:00:00.000Z,0.08
812,107309,1684019585,2022-12-10T00:00:00.000Z,0.0
813,107309,1706440161,2022-11-24T00:00:00.000Z,0.0
814,107309,1710096477,2022-11-24T00:00:00.000Z,0.0
815,107309,1714073899,2022-12-07T00:00:00.000Z,0.0
816,107309,1716528528,2023-01-10T00:00:00.000Z,0.56
817,107309,1725259597,2022-12-10T00:00:00.000Z,0.0
818,107310,1490584733,2022-12-09T00:00:00.000Z,0.63
819,107310,1675921760,2023-01-06T00:00:00.000Z,0.574
820,107760,1430094402,2022-10-20T00:00:00.000Z,0.0
821,107760,1648608319,2022-11-16T00:00:00.000Z,0.0
822,107793,1706440161,2022-11-03T00:00:00.000Z,0.0
823,107795,1718146027,2022-11-29T00:00:00.000Z,0.0
824,107796,1490584733,2022-12-13T00:00:00.000Z,0.0
825,107798,1703905621,2022-11-02T00:00:00.000Z,0.0
826,107801,1316040758,2022-11-01T00:00:00.000Z,0.0
827,107801,1429235843,2022-11-23T00:00:00.000Z,0.0
828,107801,1458049517,2022-12-02T00:00:00.000Z,0.0
829,107801,1490584733,2022-12-12T00:00:00.000Z,0.0
830,107801,1675921760,2022-10-26T00:00:00.000Z,0.0
831,107801,1684019585,2022-12-11T00:00:00.000Z,0.0
832,107801,1703905621,2022-12-04T00:00:00.000Z,0.0
833,107801,1713698815,2022-12-08T00:00:00.000Z,0.0
834,107801,1718416044,2022-11-26T00:00:00.000Z,0.0
835,107819,1490584733,2022-12-13T00:00:00.000Z,0.61
836,107827,1430094402,2022-10-26T00:00:00.000Z,0.0
837,107829,1316040758,2022-10-26T00:00:00.000Z,0.0
838,107829,1490584733,2022-12-09T00:00:00.000Z,2.08
839,107829,1684019585,2022-12-12T00:00:00.000Z,0.0
840,107829,1706440161,2022-11-11T00:00:00.000Z,0.0
841,107830,1490584733,2022-12-05T00:00:00.000Z,0.15
842,107832,1706440161,2022-11-05T00:00:00.000Z,0.0
843,108296,1429235843,2022-12-30T00:00:00.000Z,0.0
844,108296,1458049517,2022-12-29T00:00:00.000Z,0.014
845,108296,1490584733,2022-12-30T00:00:00.000Z,0.0
846,108296,1675921760,2023-01-11T00:00:00.000Z,0.014
847,108296,1710096477,2022-12-18T00:00:00.000Z,0.0
848,108589,1430094402,2022-10-11T00:00:00.000Z,0.0
849,109083,1316040758,2022-11-01T00:00:00.000Z,0.0
850,109141,1316040758,2022-10-11T00:00:00.000Z,0.0
851,109141,1430094402,2022-10-11T00:00:00.000Z,0.0
852,109141,1675921760,2022-10-31T00:00:00.000Z,0.0
853,109428,1430094402,2022-10-31T00:00:00.000Z,0.0
854,109762,1490584733,2022-12-05T00:00:00.000Z,0.08
855,110244,1490584733,2022-11-20T00:00:00.000Z,0.0
856,110244,1706440161,2022-11-11T00:00:00.000Z,0.0
857,110446,1648608319,2022-11-26T00:00:00.000Z,0.0
858,110450,1316040758,2022-10-11T00:00:00.000Z,0.0
859,110450,1430094402,2022-10-11T00:00:00.000Z,0.0
860,110607,1316040758,2022-10-29T00:00:00.000Z,0.0
861,110607,1429235843,2022-11-23T00:00:00.000Z,0.0
862,110607,1430094402,2022-10-26T00:00:00.000Z,0.0
863,110607,1458049517,2022-12-03T00:00:00.000Z,0.0
864,110607,1490584733,2022-12-15T00:00:00.000Z,0.0
865,110607,1675921760,2022-10-27T00:00:00.000Z,0.0
866,110607,1684019585,2022-12-14T00:00:00.000Z,0.0
867,110607,1703905621,2022-10-26T00:00:00.000Z,0.0
868,110607,1706440161,2022-11-16T00:00:00.000Z,0.0
869,110607,1713698815,2022-12-07T00:00:00.000Z,0.0
870,110607,1718146027,2022-11-29T00:00:00.000Z,0.0
871,110609,1316040758,2022-10-31T00:00:00.000Z,0.0
872,110609,1706440161,2022-11-16T00:00:00.000Z,0.0
873,110610,1706440161,2022-11-14T00:00:00.000Z,0.0
874,110612,1430094402,2022-10-23T00:00:00.000Z,0.0
875,110612,1490584733,2022-12-30T00:00:00.000Z,0.0
876,110614,1675921760,2022-10-27T00:00:00.000Z,0.0
877,110616,1430094402,2022-10-26T00:00:00.000Z,0.0
878,110616,1675921760,2022-10-17T00:00:00.000Z,0.0
879,110903,1490584733,2022-10-19T00:00:00.000Z,0.03
880,110904,1490584733,2022-10-19T00:00:00.000Z,0.12
881,111406,1316040758,2022-11-29T00:00:00.000Z,0.0
882,111406,1490584733,2022-12-30T00:00:00.000Z,0.0
883,111406,1675921760,2023-01-06T00:00:00.000Z,0.0
884,111406,1684019585,2022-12-15T00:00:00.000Z,0.0
885,111406,1714073899,2022-12-03T00:00:00.000Z,0.0
886,111406,1716528528,2022-12-13T00:00:00.000Z,0.0
887,111666,1714073899,2022-11-15T00:00:00.000Z,0.02
888,111896,1703905621,2022-10-25T00:00:00.000Z,0.15
889,111929,1316040758,2022-11-18T00:00:00.000Z,0.0
890,111929,1490584733,2022-11-07T00:00:00.000Z,0.0
891,111929,1706440161,2022-11-04T00:00:00.000Z,0.0
892,111929,1714073899,2022-11-17T00:00:00.000Z,0.0
893,112084,1699065816,2022-10-12T00:00:00.000Z,0.3
894,112093,1316040758,2022-11-01T00:00:00.000Z,0.0
895,112093,1706440161,2022-11-04T00:00:00.000Z,0.04
896,112127,1430094402,2022-10-29T00:00:00.000Z,0.07
897,112357,1430094402,2022-10-26T00:00:00.000Z,0.0
898,112357,1675921760,2022-12-23T00:00:00.000Z,0.18
899,112371,1675921760,2023-01-21T00:00:00.000Z,0.12
900,112378,1675921760,2022-12-07T00:00:00.000Z,0.15
901,113305,1703905621,2022-12-02T00:00:00.000Z,0.0
902,113305,1714073899,2022-12-08T00:00:00.000Z,0.0
903,113459,1490584733,2022-12-05T00:00:00.000Z,0.08
904,113460,1490584733,2022-12-05T00:00:00.000Z,1.677
905,113545,1316040758,2022-12-04T00:00:00.000Z,0.0
906,113545,1429235843,2022-12-31T00:00:00.000Z,0.0
907,113545,1458049517,2022-12-13T00:00:00.000Z,0.0
908,113545,1490584733,2022-12-31T00:00:00.000Z,1.76
909,113545,1674749132,2022-12-04T00:00:00.000Z,0.0
910,113545,1675921760,2022-11-11T00:00:00.000Z,0.0
911,113545,1703905621,2022-11-13T00:00:00.000Z,0.0
912,113545,1706440161,2022-12-14T00:00:00.000Z,0.0
913,113545,1714073899,2022-12-04T00:00:00.000Z,0.0
914,113545,1716528528,2022-12-14T00:00:00.000Z,0.0
915,113546,1490584733,2022-12-30T00:00:00.000Z,0.121
916,113574,1316040758,2022-11-01T00:00:00.000Z,0.0
917,113574,1430094402,2022-10-31T00:00:00.000Z,0.0
918,113574,1458049517,2022-12-02T00:00:00.000Z,0.0
919,113574,1490584733,2022-10-20T00:00:00.000Z,1.38
920,113574,1675921760,2022-10-09T00:00:00.000Z,0.0
921,113574,1703905621,2022-11-27T00:00:00.000Z,0.0
922,113574,1706440161,2022-11-03T00:00:00.000Z,0.0
923,113574,1714073899,2022-11-16T00:00:00.000Z,0.0
924,113574,1718146027,2022-11-28T00:00:00.000Z,0.0
925,113574,1718416044,2022-11-26T00:00:00.000Z,0.0
926,113575,1316040758,2022-11-01T00:00:00.000Z,0.0
927,113575,1706440161,2022-11-16T00:00:00.000Z,0.0
928,113576,1706440161,2022-11-14T00:00:00.000Z,0.0
929,113577,1703905621,2022-11-02T00:00:00.000Z,0.0
930,113579,1490584733,2022-12-16T00:00:00.000Z,0.7
931,113582,1703905621,2022-11-03T00:00:00.000Z,0.0
932,113583,1703905621,2022-11-21T00:00:00.000Z,0.0
933,113584,1648608319,2022-11-15T00:00:00.000Z,0.0
934,113699,1429235843,2022-12-13T00:00:00.000Z,0.0
935,114079,1430094402,2022-10-27T00:00:00.000Z,0.08
936,114079,1490584733,2022-12-22T00:00:00.000Z,0.08
937,114079,1714073899,2022-11-24T00:00:00.000Z,0.12
938,114088,1316040758,2022-10-28T00:00:00.000Z,0.0
939,114088,1490584733,2022-11-01T00:00:00.000Z,0.0
940,114088,1706440161,2022-11-01T00:00:00.000Z,0.0
941,114109,1675921760,2022-12-26T00:00:00.000Z,0.02
942,114109,1706440161,2022-11-01T00:00:00.000Z,0.0
943,114109,1714073899,2022-11-26T00:00:00.000Z,0.04
944,114291,1430094402,2022-10-11T00:00:00.000Z,0.0
945,114466,1430094402,2022-10-20T00:00:00.000Z,0.0
946,114466,1490584733,2022-10-20T00:00:00.000Z,0.0
947,114466,1703905621,2022-11-21T00:00:00.000Z,0.0
948,114466,1706440161,2022-11-13T00:00:00.000Z,0.05
949,114467,1430094402,2022-10-17T00:00:00.000Z,0.1
950,114467,1490584733,2022-10-13T00:00:00.000Z,0.05
951,114467,1675921760,2022-11-14T00:00:00.000Z,0.2
952,114467,1703905621,2022-11-14T00:00:00.000Z,0.05
953,114521,1316040758,2022-11-17T00:00:00.000Z,0.0
954,114521,1648608319,2022-11-18T00:00:00.000Z,0.0
955,114521,1706440161,2022-11-18T00:00:00.000Z,0.04
956,114521,1714073899,2022-11-18T00:00:00.000Z,0.0
957,114701,1490584733,2022-10-12T00:00:00.000Z,0.02
958,114718,1316040758,2022-12-05T00:00:00.000Z,0.31
959,114718,1429235843,2022-12-05T00:00:00.000Z,0.0
960,114823,1703905621,2022-11-04T00:00:00.000Z,0.1
961,114851,1430094402,2022-10-20T00:00:00.000Z,0.05
962,114878,1648608319,2022-12-03T00:00:00.000Z,0.0
963,115074,1703905621,2022-11-18T00:00:00.000Z,0.0
964,115112,1316040758,2022-11-10T00:00:00.000Z,0.08
965,115112,1490584733,2022-10-20T00:00:00.000Z,0.4
966,115112,1675921760,2022-11-09T00:00:00.000Z,0.08
967,115112,1706440161,2022-11-09T00:00:00.000Z,0.08
968,115285,1648608319,2022-12-03T00:00:00.000Z,0.0
969,115285,1714073899,2022-12-01T00:00:00.000Z,0.0
970,115507,1316040758,2022-12-05T00:00:00.000Z,0.0
971,115563,1648608319,2022-12-05T00:00:00.000Z,0.0
972,115704,1675921760,2022-11-02T00:00:00.000Z,0.0
973,115704,1703905621,2022-10-28T00:00:00.000Z,0.0
974,115902,1316040758,2022-10-23T00:00:00.000Z,0.0
975,115942,1316040758,2022-10-20T00:00:00.000Z,0.02
976,116583,1675921760,2022-10-25T00:00:00.000Z,0.0
977,116596,1703905621,2022-10-24T00:00:00.000Z,0.0
978,116692,1706440161,2022-12-01T00:00:00.000Z,0.0
979,116731,1430094402,2022-10-26T00:00:00.000Z,0.03
980,116780,1430094402,2022-10-29T00:00:00.000Z,0.02
981,116783,1703905621,2022-10-27T00:00:00.000Z,0.02
982,116787,1430094402,2022-10-27T00:00:00.000Z,0.03
983,116787,1648608319,2022-11-09T00:00:00.000Z,0.02
984,116787,1703905621,2022-10-26T00:00:00.000Z,0.05
985,116787,1714073899,2022-12-07T00:00:00.000Z,0.02
986,116857,1675921760,2022-12-12T00:00:00.000Z,3.36
987,116857,1703905621,2022-11-19T00:00:00.000Z,0.0
988,116898,1430094402,2022-10-30T00:00:00.000Z,0.0
989,116900,1316040758,2022-11-02T00:00:00.000Z,0.0
990,116900,1675921760,2022-11-02T00:00:00.000Z,0.0
991,116900,1703905621,2022-11-02T00:00:00.000Z,0.0
992,116901,1703905621,2022-11-01T00:00:00.000Z,0.0
993,116907,1684019585,2022-12-14T00:00:00.000Z,0.0
994,116908,1703905621,2022-12-02T00:00:00.000Z,0.8
995,116908,1714073899,2022-12-02T00:00:00.000Z,5.34
996,116908,1716528528,2022-12-04T00:00:00.000Z,2.38
997,116950,1703905621,2022-10-26T00:00:00.000Z,0.01
998,117120,1703905621,2022-10-27T00:00:00.000Z,0.0
999,117125,1675921760,2022-12-12T00:00:00.000Z,0.172
1000,117266,1703905621,2022-10-28T00:00:00.000Z,0.05
1001,117275,1648608319,2022-11-10T00:00:00.000Z,0.06
1002,117275,1706440161,2022-11-10T00:00:00.000Z,0.06
1003,117505,1703905621,2022-10-30T00:00:00.000Z,0.01
1004,117743,1706440161,2022-11-03T00:00:00.000Z,0.0
1005,117783,1714073899,2022-11-24T00:00:00.000Z,0.02
1006,117794,1675921760,2022-12-29T00:00:00.000Z,0.99
1007,117805,1490584733,2022-12-15T00:00:00.000Z,0.0
1008,117805,1684019585,2022-12-14T00:00:00.000Z,0.0
1009,117836,1316040758,2022-12-03T00:00:00.000Z,0.005
1010,117836,1429235843,2022-11-23T00:00:00.000Z,0.005
1011,117836,1458049517,2022-12-11T00:00:00.000Z,0.005
1012,117836,1490584733,2022-12-04T00:00:00.000Z,0.005
1013,117836,1674749132,2022-11-29T00:00:00.000Z,0.0
1014,117836,1675921760,2023-01-12T00:00:00.000Z,0.02
1015,117836,1684019585,2022-12-07T00:00:00.000Z,0.0
1016,117836,1714073899,2022-11-21T00:00:00.000Z,0.005
1017,117836,1725259597,2022-12-09T00:00:00.000Z,0.0
1018,117954,1706440161,2022-11-25T00:00:00.000Z,0.0
1019,117954,1710096477,2022-11-24T00:00:00.000Z,0.0
1020,117954,1718416044,2022-11-29T00:00:00.000Z,0.48
1021,117989,1675921760,2022-11-07T00:00:00.000Z,0.2
1022,118013,1490584733,2022-11-20T00:00:00.000Z,0.02
1023,118013,1703905621,2022-11-20T00:00:00.000Z,0.02
1024,118013,1706440161,2022-11-13T00:00:00.000Z,0.02
1025,118066,1490584733,2022-11-10T00:00:00.000Z,0.349
1026,118364,1429235843,2022-11-25T00:00:00.000Z,0.0
1027,118364,1714073899,2022-11-20T00:00:00.000Z,0.0
1028,118365,1429235843,2022-11-28T00:00:00.000Z,0.0
1029,118365,1458049517,2022-12-27T00:00:00.000Z,0.0
1030,118395,1703905621,2022-11-13T00:00:00.000Z,0.0
1031,118439,1316040758,2022-12-09T00:00:00.000Z,0.0
1032,118439,1458049517,2022-11-26T00:00:00.000Z,0.0
1033,118439,1714073899,2022-11-27T00:00:00.000Z,0.0
1034,118630,1316040758,2022-11-17T00:00:00.000Z,0.0
1035,118630,1458049517,2022-12-08T00:00:00.000Z,0.15
1036,118630,1648608319,2022-11-17T00:00:00.000Z,0.15
1037,118630,1675921760,2022-12-26T00:00:00.000Z,0.3
1038,118630,1703905621,2022-11-23T00:00:00.000Z,0.15
1039,118630,1706440161,2022-11-17T00:00:00.000Z,0.15
1040,118630,1710096477,2022-12-18T00:00:00.000Z,0.15
1041,118630,1713698815,2022-12-08T00:00:00.000Z,0.05
1042,118630,1714073899,2022-12-05T00:00:00.000Z,0.15
1043,118630,1718146027,2022-11-25T00:00:00.000Z,0.05
1044,118630,1718416044,2022-11-27T00:00:00.000Z,0.3
1045,118634,1703905621,2022-11-10T00:00:00.000Z,0.0
1046,118644,1458049517,2022-12-08T00:00:00.000Z,0.1
1047,118644,1675921760,2022-11-20T00:00:00.000Z,0.1
1048,118644,1714073899,2022-11-30T00:00:00.000Z,0.1
1049,118649,1675921760,2022-12-27T00:00:00.000Z,0.08
1050,118758,1675921760,2022-12-09T00:00:00.000Z,0.04
1051,118758,1703905621,2022-11-29T00:00:00.000Z,0.15
1052,118804,1316040758,2022-11-17T00:00:00.000Z,0.02
1053,118804,1429235843,2022-11-26T00:00:00.000Z,0.02
1054,118804,1458049517,2022-11-25T00:00:00.000Z,0.02
1055,118804,1490584733,2022-12-28T00:00:00.000Z,0.04
1056,118804,1648608319,2022-11-09T00:00:00.000Z,0.0
1057,118804,1674749132,2022-12-05T00:00:00.000Z,0.0
1058,118804,1675921760,2022-11-23T00:00:00.000Z,0.04
1059,118804,1684019585,2022-12-09T00:00:00.000Z,0.04
1060,118804,1706440161,2022-11-17T00:00:00.000Z,0.02
1061,118804,1710096477,2022-11-29T00:00:00.000Z,0.02
1062,118804,1713698815,2022-12-20T00:00:00.000Z,0.0
1063,118804,1714073899,2022-12-04T00:00:00.000Z,0.08
1064,118809,1458049517,2022-12-01T00:00:00.000Z,0.04
1065,118809,1490584733,2022-12-18T00:00:00.000Z,0.0
1066,118809,1675921760,2022-12-17T00:00:00.000Z,0.0
1067,118809,1703905621,2022-11-14T00:00:00.000Z,0.0
1068,118809,1714073899,2022-12-01T00:00:00.000Z,0.14
1069,118809,1716528528,2022-12-01T00:00:00.000Z,0.0
1070,118931,1316040758,2022-11-19T00:00:00.000Z,0.0
1071,118931,1706440161,2022-11-10T00:00:00.000Z,0.0
1072,118931,1714073899,2022-11-18T00:00:00.000Z,0.0
1073,118980,1703905621,2022-11-10T00:00:00.000Z,0.0
1074,118980,1706440161,2022-11-13T00:00:00.000Z,0.0
1075,118989,1490584733,2022-11-30T00:00:00.000Z,0.0
1076,118989,1684019585,2022-12-10T00:00:00.000Z,0.0
1077,118989,1703905621,2022-11-19T00:00:00.000Z,0.0
1078,118995,1703905621,2022-11-10T00:00:00.000Z,0.01
1079,119090,1316040758,2022-11-21T00:00:00.000Z,0.1
1080,119123,1648608319,2022-11-18T00:00:00.000Z,0.0
1081,119124,1703905621,2022-11-15T00:00:00.000Z,0.4
1082,119143,1703905621,2022-12-07T00:00:00.000Z,0.0
1083,119143,1706440161,2022-11-29T00:00:00.000Z,0.0
1084,119143,1714073899,2022-11-30T00:00:00.000Z,0.0
1085,119145,1714073899,2022-11-30T00:00:00.000Z,0.0
1086,119169,1490584733,2022-12-05T00:00:00.000Z,0.067
1087,119169,1706440161,2022-11-25T00:00:00.000Z,0.067
1088,119170,1490584733,2022-12-05T00:00:00.000Z,0.54
1089,119170,1706440161,2022-11-25T00:00:00.000Z,0.0
1090,119171,1706440161,2022-11-11T00:00:00.000Z,0.058
1091,119382,1316040758,2022-11-21T00:00:00.000Z,0.01
1092,119382,1458049517,2022-11-24T00:00:00.000Z,0.01
1093,119382,1648608319,2022-11-19T00:00:00.000Z,0.01
1094,119382,1703905621,2022-11-18T00:00:00.000Z,0.01
1095,119382,1714073899,2022-11-20T00:00:00.000Z,0.01
1096,119398,1429235843,2022-12-31T00:00:00.000Z,0.04
1097,119510,1703905621,2022-11-14T00:00:00.000Z,0.0
1098,119540,1490584733,2022-12-16T00:00:00.000Z,0.02
1099,119540,1684019585,2022-12-15T00:00:00.000Z,0.02
1100,119540,1703905621,2022-11-23T00:00:00.000Z,0.1
1101,119540,1706440161,2022-11-16T00:00:00.000Z,0.02
1102,119540,1714073899,2022-11-17T00:00:00.000Z,0.02
1103,119662,1703905621,2022-11-14T00:00:00.000Z,1.5
1104,119680,1429235843,2022-12-03T00:00:00.000Z,0.0
1105,119680,1458049517,2022-12-02T00:00:00.000Z,0.0
1106,119680,1675921760,2022-12-01T00:00:00.000Z,0.0
1107,119680,1716528528,2022-12-01T00:00:00.000Z,0.0
1108,119680,1718416044,2022-11-29T00:00:00.000Z,0.0
1109,119681,1429235843,2022-12-03T00:00:00.000Z,0.0
1110,119681,1458049517,2022-12-02T00:00:00.000Z,0.0
1111,119681,1675921760,2022-12-01T00:00:00.000Z,0.0
1112,119681,1716528528,2022-12-01T00:00:00.000Z,0.0
1113,119681,1718416044,2022-11-29T00:00:00.000Z,0.0
1114,119682,1429235843,2022-12-03T00:00:00.000Z,0.0
1115,119682,1458049517,2022-12-03T00:00:00.000Z,0.0
1116,119682,1675921760,2022-12-01T00:00:00.000Z,0.0
1117,119682,1716528528,2022-12-01T00:00:00.000Z,0.0
1118,119682,1718416044,2022-11-29T00:00:00.000Z,0.0
1119,119689,1675921760,2022-11-15T00:00:00.000Z,2.99
1120,119776,1429235843,2023-01-13T00:00:00.000Z,3.429
1121,119776,1458049517,2022-12-16T00:00:00.000Z,0.0
1122,119776,1490584733,2022-12-16T00:00:00.000Z,0.0
1123,119776,1674749132,2022-12-26T00:00:00.000Z,0.0
1124,119776,1675921760,2022-12-01T00:00:00.000Z,0.14
1125,119776,1684019585,2022-12-20T00:00:00.000Z,0.0
1126,119776,1716528528,2022-12-20T00:00:00.000Z,0.0
1127,119784,1675921760,2023-01-17T00:00:00.000Z,0.32
1128,119789,1458049517,2022-12-28T00:00:00.000Z,0.14
1129,119868,1675921760,2022-11-16T00:00:00.000Z,0.0
1130,119954,1316040758,2022-11-29T00:00:00.000Z,1.65
1131,119962,1490584733,2022-12-23T00:00:00.000Z,0.0
1132,120116,1703905621,2022-11-17T00:00:00.000Z,0.01
1133,120119,1675921760,2022-11-17T00:00:00.000Z,0.14
1134,120134,1703905621,2022-11-21T00:00:00.000Z,0.02
1135,120217,1458049517,2022-12-02T00:00:00.000Z,0.26
1136,120217,1490584733,2022-12-24T00:00:00.000Z,0.22
1137,120217,1675921760,2022-12-02T00:00:00.000Z,0.1
1138,120217,1703905621,2022-12-02T00:00:00.000Z,0.24
1139,120217,1714073899,2022-11-21T00:00:00.000Z,0.24
1140,120318,1675921760,2022-11-18T00:00:00.000Z,0.05
1141,120318,1703905621,2022-11-19T00:00:00.000Z,0.05
1142,120426,1648608319,2022-12-02T00:00:00.000Z,0.0
1143,120596,1714073899,2022-11-23T00:00:00.000Z,0.0
1144,120599,1458049517,2022-11-30T00:00:00.000Z,0.0
1145,120599,1490584733,2022-12-16T00:00:00.000Z,0.0
1146,120599,1675921760,2022-12-16T00:00:00.000Z,0.0
1147,120599,1714073899,2022-11-30T00:00:00.000Z,0.0
1148,120639,1714073899,2022-11-24T00:00:00.000Z,0.06
1149,120665,1714073899,2022-11-25T00:00:00.000Z,0.0
1150,120794,1675921760,2022-11-25T00:00:00.000Z,1.15
1151,120794,1714073899,2022-11-25T00:00:00.000Z,1.05
1152,120795,1316040758,2022-11-25T00:00:00.000Z,0.0
1153,120795,1429235843,2022-11-26T00:00:00.000Z,0.0
1154,120795,1458049517,2022-11-29T00:00:00.000Z,0.0
1155,120795,1675921760,2022-11-24T00:00:00.000Z,0.0
1156,120795,1714073899,2022-11-25T00:00:00.000Z,0.0
1157,120819,1490584733,2022-12-03T00:00:00.000Z,0.0
1158,120819,1684019585,2022-12-13T00:00:00.000Z,0.0
1159,120819,1718416044,2022-11-26T00:00:00.000Z,0.0
1160,120905,1703905621,2022-11-23T00:00:00.000Z,0.01
1161,120911,1648608319,2022-12-02T00:00:00.000Z,0.02
1162,120914,1316040758,2022-11-24T00:00:00.000Z,0.43
1163,120914,1429235843,2022-11-25T00:00:00.000Z,0.0
1164,120914,1648608319,2022-11-24T00:00:00.000Z,0.0
1165,121038,1706440161,2022-11-24T00:00:00.000Z,0.0
1166,121038,1710096477,2022-11-24T00:00:00.000Z,0.0
1167,121038,1714073899,2022-11-24T00:00:00.000Z,0.0
1168,121201,1648608319,2022-11-29T00:00:00.000Z,0.0
1169,121214,1429235843,2022-12-22T00:00:00.000Z,0.2
1170,121214,1458049517,2022-12-16T00:00:00.000Z,0.0
1171,121214,1490584733,2022-12-15T00:00:00.000Z,0.2
1172,121214,1674749132,2022-12-16T00:00:00.000Z,0.0
1173,121214,1675921760,2022-12-01T00:00:00.000Z,0.2
1174,121214,1684019585,2022-12-16T00:00:00.000Z,0.0
1175,121214,1710096477,2022-12-17T00:00:00.000Z,0.2
1176,121214,1713698815,2022-12-20T00:00:00.000Z,0.2
1177,121214,1716528528,2022-12-17T00:00:00.000Z,0.0
1178,121250,1703905621,2022-11-25T00:00:00.000Z,0.005
1179,121509,1675921760,2022-12-10T00:00:00.000Z,0.48
1180,121510,1458049517,2022-11-27T00:00:00.000Z,0.01
1181,121516,1714073899,2022-11-27T00:00:00.000Z,0.01
1182,121534,1648608319,2022-12-07T00:00:00.000Z,0.04
1183,121534,1703905621,2022-12-07T00:00:00.000Z,0.02
1184,121647,1316040758,2022-11-30T00:00:00.000Z,0.0
1185,121647,1429235843,2022-12-02T00:00:00.000Z,0.1
1186,121647,1458049517,2022-12-02T00:00:00.000Z,0.0
1187,121647,1648608319,2022-11-30T00:00:00.000Z,0.0
1188,121647,1675921760,2022-12-01T00:00:00.000Z,0.25
1189,121647,1706440161,2022-12-01T00:00:00.000Z,0.05
1190,121647,1714073899,2022-12-01T00:00:00.000Z,0.0
1191,121686,1316040758,2022-12-07T00:00:00.000Z,0.0
1192,121686,1429235843,2022-12-08T00:00:00.000Z,0.0
1193,121686,1458049517,2022-12-09T00:00:00.000Z,0.0
1194,121686,1674749132,2022-12-10T00:00:00.000Z,0.0
1195,121686,1684019585,2022-12-07T00:00:00.000Z,0.0
1196,121686,1706440161,2022-12-08T00:00:00.000Z,0.0
1197,121686,1714073899,2022-12-04T00:00:00.000Z,0.0
1198,121701,1714073899,2022-11-28T00:00:00.000Z,0.005
1199,121702,1675921760,2022-12-14T00:00:00.000Z,0.5
1200,121733,1714073899,2022-11-30T00:00:00.000Z,0.0
1201,121767,1648608319,2022-11-30T00:00:00.000Z,0.0
1202,121886,1703905621,2022-12-04T00:00:00.000Z,0.02
1203,121908,1648608319,2022-11-29T00:00:00.000Z,0.01
1204,121914,1316040758,2022-12-01T00:00:00.000Z,0.0
1205,121914,1675921760,2022-12-01T00:00:00.000Z,0.074
1206,121914,1714073899,2022-12-01T00:00:00.000Z,0.198
1207,121914,1716528528,2022-12-01T00:00:00.000Z,0.0
1208,121917,1648608319,2022-11-29T00:00:00.000Z,0.01
1209,121928,1648608319,2022-11-29T00:00:00.000Z,0.01
1210,121937,1675921760,2022-11-30T00:00:00.000Z,3.0
1211,121937,1718146027,2022-11-29T00:00:00.000Z,3.0
1212,121937,1718416044,2022-11-29T00:00:00.000Z,3.0
1213,121948,1718416044,2022-11-29T00:00:00.000Z,0.0
1214,121958,1648608319,2022-12-02T00:00:00.000Z,0.06
1215,121959,1675921760,2022-11-30T00:00:00.000Z,0.02
1216,122042,1703905621,2022-12-02T00:00:00.000Z,0.09
1217,122042,1714073899,2022-11-30T00:00:00.000Z,0.09
1218,122056,1490584733,2022-12-07T00:00:00.000Z,0.0
1219,122056,1675921760,2022-12-08T00:00:00.000Z,0.06
1220,122056,1684019585,2022-12-07T00:00:00.000Z,0.0
1221,122056,1714073899,2022-12-07T00:00:00.000Z,0.0
1222,122089,1703905621,2022-12-02T00:00:00.000Z,0.0
1223,122090,1490584733,2022-12-27T00:00:00.000Z,0.15
1224,122135,1714073899,2022-12-01T00:00:00.000Z,0.01
1225,122136,1714073899,2022-12-01T00:00:00.000Z,0.01
1226,122249,1703905621,2022-12-03T00:00:00.000Z,0.08
1227,122253,1675921760,2022-12-03T00:00:00.000Z,6.42
1228,122253,1703905621,2022-12-03T00:00:00.000Z,0.3
1229,122253,1714073899,2022-12-03T00:00:00.000Z,8.4
1230,122352,1714073899,2022-12-03T00:00:00.000Z,0.96
1231,122360,1316040758,2022-12-05T00:00:00.000Z,0.0
1232,122360,1429235843,2022-12-09T00:00:00.000Z,0.06
1233,122360,1458049517,2022-12-09T00:00:00.000Z,0.0
1234,122360,1674749132,2022-12-16T00:00:00.000Z,0.025
1235,122360,1684019585,2022-12-06T00:00:00.000Z,0.0
1236,122360,1706440161,2022-12-06T00:00:00.000Z,0.0
1237,122360,1714073899,2022-12-05T00:00:00.000Z,0.0
1238,122360,1716528528,2022-12-09T00:00:00.000Z,0.0
1239,122360,1725259597,2022-12-09T00:00:00.000Z,0.0
1240,122447,1706440161,2022-12-02T00:00:00.000Z,0.04
1241,122633,1675921760,2022-12-05T00:00:00.000Z,0.2
1242,122633,1714073899,2022-12-04T00:00:00.000Z,0.0
1243,122637,1316040758,2022-12-07T00:00:00.000Z,0.0
1244,122637,1458049517,2022-12-04T00:00:00.000Z,0.0
1245,122637,1675921760,2022-12-07T00:00:00.000Z,0.0
1246,122637,1714073899,2022-12-05T00:00:00.000Z,0.0
1247,122757,1316040758,2022-12-05T00:00:00.000Z,0.0
1248,122757,1490584733,2022-12-05T00:00:00.000Z,0.0
1249,122838,1675921760,2022-12-14T00:00:00.000Z,0.88
1250,122838,1684019585,2022-12-06T00:00:00.000Z,0.04
1251,122838,1713698815,2022-12-08T00:00:00.000Z,0.0
1252,122869,1684019585,2022-12-06T00:00:00.000Z,0.0
1253,122869,1703905621,2022-12-06T00:00:00.000Z,0.0
1254,122878,1648608319,2022-12-05T00:00:00.000Z,0.0
1255,122888,1490584733,2022-12-14T00:00:00.000Z,0.15
1256,122897,1429235843,2023-01-13T00:00:00.000Z,0.05
1257,122901,1684019585,2022-12-06T00:00:00.000Z,0.09
1258,122903,1714073899,2022-12-08T00:00:00.000Z,0.05
1259,122904,1714073899,2022-12-06T00:00:00.000Z,0.017
1260,122991,1714073899,2022-12-06T00:00:00.000Z,0.04
1261,123004,1675921760,2022-12-06T00:00:00.000Z,0.0
1262,123004,1703905621,2022-12-06T00:00:00.000Z,0.24
1263,123004,1714073899,2022-12-06T00:00:00.000Z,0.17
1264,123016,1648608319,2022-12-08T00:00:00.000Z,0.0
1265,123054,1648608319,2022-12-07T00:00:00.000Z,0.8
1266,123055,1703905621,2022-12-06T00:00:00.000Z,0.09
1267,123060,1648608319,2022-12-06T00:00:00.000Z,0.01
1268,123072,1316040758,2022-12-08T00:00:00.000Z,0.0
1269,123179,1490584733,2022-12-07T00:00:00.000Z,0.0
1270,123193,1703905621,2022-12-08T00:00:00.000Z,0.02
1271,123240,1648608319,2022-12-07T00:00:00.000Z,0.0
1272,123240,1675921760,2022-12-07T00:00:00.000Z,0.0
1273,123249,1703905621,2022-12-07T00:00:00.000Z,0.0
1274,123255,1648608319,2022-12-07T00:00:00.000Z,0.0
1275,123262,1703905621,2022-12-07T00:00:00.000Z,0.02
1276,123265,1703905621,2022-12-07T00:00:00.000Z,0.02
1277,123267,1703905621,2022-12-07T00:00:00.000Z,0.08
1278,123433,1684019585,2022-12-08T00:00:00.000Z,0.0
1279,123433,1714073899,2022-12-08T00:00:00.000Z,0.2
1280,123434,1714073899,2022-12-08T00:00:00.000Z,1.6
1281,123443,1703905621,2022-12-08T00:00:00.000Z,0.01
1282,123485,1648608319,2022-12-08T00:00:00.000Z,0.01
1283,123519,1714073899,2022-12-09T00:00:00.000Z,0.02
1284,123529,1316040758,2022-12-09T00:00:00.000Z,2.0
1285,123529,1458049517,2022-12-08T00:00:00.000Z,2.0
1286,123529,1490584733,2022-12-09T00:00:00.000Z,2.0
1287,123529,1648608319,2022-12-08T00:00:00.000Z,2.0
1288,123529,1684019585,2022-12-09T00:00:00.000Z,2.0
1289,123529,1714073899,2022-12-09T00:00:00.000Z,2.0
1290,123668,1684019585,2022-12-09T00:00:00.000Z,0.005
1291,123819,1490584733,2022-12-14T00:00:00.000Z,0.35
1292,123896,1458049517,2022-12-28T00:00:00.000Z,0.0
1293,124098,1458049517,2022-12-30T00:00:00.000Z,0.33
1294,124098,1490584733,2022-12-26T00:00:00.000Z,0.69
1295,124098,1675921760,2023-01-12T00:00:00.000Z,0.44
1296,124175,1490584733,2022-12-15T00:00:00.000Z,0.02
1297,124175,1675921760,2022-12-15T00:00:00.000Z,0.02
1298,124258,1490584733,2022-12-18T00:00:00.000Z,0.0
1299,124262,1429235843,2023-01-03T00:00:00.000Z,0.09
1300,124262,1674749132,2022-12-26T00:00:00.000Z,0.0
1301,124262,1684019585,2022-12-24T00:00:00.000Z,0.0
1302,124298,1429235843,2023-01-06T00:00:00.000Z,0.02
1303,124298,1458049517,2022-12-25T00:00:00.000Z,0.16
1304,124298,1490584733,2022-12-31T00:00:00.000Z,0.28
1305,124298,1675921760,2023-01-21T00:00:00.000Z,0.12
1306,124341,1675921760,2022-12-15T00:00:00.000Z,0.25
1307,124397,1675921760,2023-01-14T00:00:00.000Z,0.2
1308,124471,1710096477,2022-12-17T00:00:00.000Z,0.2
1309,124708,1458049517,2022-12-18T00:00:00.000Z,0.0
1310,124953,1490584733,2022-12-19T00:00:00.000Z,0.01
1311,125001,1490584733,2022-12-19T00:00:00.000Z,0.01
1312,125239,1429235843,2023-01-06T00:00:00.000Z,0.0
1313,125447,1675921760,2022-12-23T00:00:00.000Z,0.25
1314,125630,1675921760,2022-12-29T00:00:00.000Z,0.025
1315,125760,1429235843,2023-01-02T00:00:00.000Z,0.0
1316,126059,1490584733,2022-12-25T00:00:00.000Z,0.0
1317,126224,1429235843,2022-12-30T00:00:00.000Z,0.01
1318,126224,1490584733,2022-12-26T00:00:00.000Z,0.01
1319,126261,1429235843,2022-12-27T00:00:00.000Z,0.0
1320,126261,1458049517,2022-12-26T00:00:00.000Z,0.0
1321,126261,1490584733,2022-12-26T00:00:00.000Z,0.0
1322,126261,1675921760,2022-12-27T00:00:00.000Z,0.0
1323,126454,1458049517,2022-12-30T00:00:00.000Z,0.0
1324,126461,1458049517,2022-12-29T00:00:00.000Z,0.0
1325,126461,1490584733,2022-12-29T00:00:00.000Z,0.0
1326,126461,1675921760,2022-12-29T00:00:00.000Z,0.0
1327,126461,1713698815,2022-12-29T00:00:00.000Z,0.0
1328,126890,1429235843,2022-12-31T00:00:00.000Z,0.0
1329,126890,1490584733,2022-12-30T00:00:00.000Z,0.0
1330,126890,1675921760,2023-01-06T00:00:00.000Z,0.0
1331,127064,1429235843,2022-12-30T00:00:00.000Z,0.01
1332,127631,1429235843,2023-01-04T00:00:00.000Z,0.2
1333,127631,1675921760,2023-01-04T00:00:00.000Z,0.2
1334,128402,1429235843,2023-01-13T00:00:00.000Z,0.02
